Workbook

Sheet Inventory
A1: 10X BAR STOCK MANAGEMENT
A3: Particular | B3: Category | C3: Opening Stock | D3: Stock IN | E3: Stock OUT | F3: Current Stock | G3: Reorder Level | H3: Remarks
A4: WELL WHISKEY | B4: WHISKEY | C4: 16 | D4: 0 | E4: 0 | F4: =C4+D4-E4 -> 16 | H4: =IF(F4<=G4,"REORDER","OK") -> OK
A5: JACK DANIELS | B5: WHISKEY | C5: 8 | D5: =SUMIF('Stock In'!$C:$C,A5,'Stock In'!$D:$D) -> 0 | E5: 0 | F5: =C5+D5-E5 -> 8 | H5: =IF(F5<=G5,"REORDER","OK") -> OK
A6: MAKERS MARK | B6: WHISKEY | C6: 6 | D6: =SUMIF('Stock In'!$C:$C,A6,'Stock In'!$D:$D) -> 0 | E6: 0 | F6: =C6+D6-E6 -> 6 | H6: =IF(F6<=G6,"REORDER","OK") -> OK
A7: WOODFORD RESERVE | B7: WHISKEY | C7: 4 | D7: =SUMIF('Stock In'!$C:$C,A7,'Stock In'!$D:$D) -> 0 | E7: 0 | F7: =C7+D7-E7 -> 4 | H7: =IF(F7<=G7,"REORDER","OK") -> OK
A8: BUFFALO TRACE | B8: WHISKEY | C8: 3 | D8: =SUMIF('Stock In'!$C:$C,A8,'Stock In'!$D:$D) -> 0 | E8: 0 | F8: =C8+D8-E8 -> 3 | H8: =IF(F8<=G8,"REORDER","OK") -> OK
A9: CROWN ROYAL | B9: WHISKEY | C9: 12 | D9: =SUMIF('Stock In'!$C:$C,A9,'Stock In'!$D:$D) -> 0 | E9: 0 | F9: =C9+D9-E9 -> 12 | H9: =IF(F9<=G9,"REORDER","OK") -> OK
A10: CROWN ROYAL APPLE | B10: WHISKEY | C10: 7 | D10: =SUMIF('Stock In'!$C:$C,A10,'Stock In'!$D:$D) -> 0 | E10: 1 | F10: =C10+D10-E10 -> 6 | H10: =IF(F10<=G10,"REORDER","OK") -> OK
A11: CROWN ROYAL VANILLA | B11: WHISKEY | C11: 5 | D11: =SUMIF('Stock In'!$C:$C,A11,'Stock In'!$D:$D) -> 0 | E11: 0 | F11: =C11+D11-E11 -> 5 | H11: =IF(F11<=G11,"REORDER","OK") -> OK
A12: CROWN ROYAL PEACH | B12: WHISKEY | C12: 3 | D12: =SUMIF('Stock In'!$C:$C,A12,'Stock In'!$D:$D) -> 0 | E12: 0 | F12: =C12+D12-E12 -> 3 | H12: =IF(F12<=G12,"REORDER","OK") -> OK
A13: JAMESON | B13: WHISKEY | C13: 8 | D13: =SUMIF('Stock In'!$C:$C,A13,'Stock In'!$D:$D) -> 0 | E13: 0 | F13: =C13+D13-E13 -> 8 | H13: =IF(F13<=G13,"REORDER","OK") -> OK
A14: JAMESON ORANGE | B14: WHISKEY | C14: 7 | D14: =SUMIF('Stock In'!$C:$C,A14,'Stock In'!$D:$D) -> 0 | E14: 0 | F14: =C14+D14-E14 -> 7 | H14: =IF(F14<=G14,"REORDER","OK") -> OK
A15: TX WHISKEY | B15: WHISKEY | C15: 5 | D15: =SUMIF('Stock In'!$C:$C,A15,'Stock In'!$D:$D) -> 0 | E15: 0 | F15: =C15+D15-E15 -> 5 | H15: =IF(F15<=G15,"REORDER","OK") -> OK
A16: BUCHANAN | B16: WHISKEY | C16: 7 | D16: =SUMIF('Stock In'!$C:$C,A16,'Stock In'!$D:$D) -> 0 | E16: 0 | F16: =C16+D16-E16 -> 7 | H16: =IF(F16<=G16,"REORDER","OK") -> OK
A17: BUCHANAN PINEAPPLE | B17: WHISKEY | C17: 6 | D17: =SUMIF('Stock In'!$C:$C,A17,'Stock In'!$D:$D) -> 0 | E17: 0 | F17: =C17+D17-E17 -> 6 | H17: =IF(F17<=G17,"REORDER","OK") -> OK
A18: McAllen 18 Yr | B18: WHISKEY | C18: 1 | D18: =SUMIF('Stock In'!$C:$C,A18,'Stock In'!$D:$D) -> 0 | E18: 0 | F18: =IF(A18="","",C18+D18-E18) -> 1 | H18: =IF(A18="","",IF(F18<=G18,"REORDER","OK")) -> OK
A19: McAllen 12 Yr | B19: WHISKEY | C19: 1 | D19: =SUMIF('Stock In'!$C:$C,A19,'Stock In'!$D:$D) -> 0 | E19: 0 | F19: 0 | H19: =IF(A19="","",IF(F19<=G19,"REORDER","OK")) -> REORDER
A20: BLUE LABEL | B20: WHISKEY | C20: 1 | D20: =SUMIF('Stock In'!$C:$C,A20,'Stock In'!$D:$D) -> 0 | E20: 0 | F20: =IF(A20="","",C20+D20-E20) -> 1 | H20: =IF(A20="","",IF(F20<=G20,"REORDER","OK")) -> OK
A21: RED LABEL | B21: WHISKEY | C21: 2 | D21: =SUMIF('Stock In'!$C:$C,A21,'Stock In'!$D:$D) -> 0 | E21: 0 | F21: =IF(A21="","",C21+D21-E21) -> 2 | H21: =IF(A21="","",IF(F21<=G21,"REORDER","OK")) -> OK
A22: BLACK LABEL | B22: WHISKEY | C22: 5 | D22: =SUMIF('Stock In'!$C:$C,A22,'Stock In'!$D:$D) -> 0 | E22: 0 | F22: =IF(A22="","",C22+D22-E22) -> 5 | H22: =IF(A22="","",IF(F22<=G22,"REORDER","OK")) -> OK
A23: DEWARS | B23: WHISKEY | C23: 1 | D23: =SUMIF('Stock In'!$C:$C,A23,'Stock In'!$D:$D) -> 0 | E23: 0 | F23: =IF(A23="","",C23+D23-E23) -> 1 | H23: =IF(A23="","",IF(F23<=G23,"REORDER","OK")) -> OK
A24: DEEP EDDY LEMON | B24: VODKA | C24: 3 | D24: =SUMIF('Stock In'!$C:$C,A24,'Stock In'!$D:$D) -> 0 | E24: 0 | F24: =IF(A24="","",C24+D24-E24) -> 3 | H24: =IF(A24="","",IF(F24<=G24,"REORDER","OK")) -> OK
A25: DEEP EDDY RUBY | B25: VODKA | C25: 5 | D25: =SUMIF('Stock In'!$C:$C,A25,'Stock In'!$D:$D) -> 0 | E25: =IF(A25="","",SUMIF('Stock Out'!$C:$C,A25,'Stock Out'!$D:$D)) -> 0 | F25: =IF(A25="","",C25+D25-E25) -> 5 | H25: =IF(A25="","",IF(F25<=G25,"REORDER","OK")) -> OK
A26: GREY GOOSE | B26: VODKA | C26: 7 | D26: =SUMIF('Stock In'!$C:$C,A26,'Stock In'!$D:$D) -> 0 | E26: 0 | F26: =IF(A26="","",C26+D26-E26) -> 7 | H26: =IF(A26="","",IF(F26<=G26,"REORDER","OK")) -> OK
A27: KETTLE ONE | B27: VODKA | C27: 2 | D27: =SUMIF('Stock In'!$C:$C,A27,'Stock In'!$D:$D) -> 0 | E27: 0 | F27: =IF(A27="","",C27+D27-E27) -> 2 | H27: =IF(A27="","",IF(F27<=G27,"REORDER","OK")) -> OK
A28: Titos | B28: VODKA | C28: 8 | D28: 0 | E28: 0 | F28: =IF(A28="","",C28+D28-E28) -> 8 | H28: =IF(A28="","",IF(F28<=G28,"REORDER","OK")) -> OK
A29: WELL VODKA | B29: VODKA | C29: 15 | D29: 0 | E29: 0 | F29: =IF(A29="","",C29+D29-E29) -> 15 | H29: =IF(A29="","",IF(F29<=G29,"REORDER","OK")) -> OK
A30: WESTERNSON STRAWBERRY | B30: VODKA | C30: 6 | D30: 0 | E30: 0 | F30: =IF(A30="","",C30+D30-E30) -> 6 | H30: =IF(A30="","",IF(F30<=G30,"REORDER","OK")) -> OK
A31: CASAMIGOS BLANCO | B31: TEQUILA | C31: 9 | D31: 0 | E31: 0 | F31: =IF(A31="","",C31+D31-E31) -> 9 | H31: =IF(A31="","",IF(F31<=G31,"REORDER","OK")) -> OK
A32: CASAMIGOS REPO | B32: TEQUILA | C32: 8 | D32: 0 | E32: 0 | F32: =IF(A32="","",C32+D32-E32) -> 8 | H32: =IF(A32="","",IF(F32<=G32,"REORDER","OK")) -> OK
A33: CLASE AZUL | B33: TEQUILA | C33: 2 | D33: 0 | E33: 0 | F33: =IF(A33="","",C33+D33-E33) -> 2 | H33: =IF(A33="","",IF(F33<=G33,"REORDER","OK")) -> OK
A34: DON JULIO 1942 | B34: TEQUILA | C34: 1 | D34: 0 | E34: 0 | F34: =IF(A34="","",C34+D34-E34) -> 1 | H34: =IF(A34="","",IF(F34<=G34,"REORDER","OK")) -> OK
A35: DON JULIO 70 | B35: TEQUILA | C35: 1 | D35: 0 | E35: 0 | F35: 3 | H35: =IF(A35="","",IF(F35<=G35,"REORDER","OK")) -> OK
A36: DON JULIO ANEJO | B36: TEQUILA | C36: 6 | D36: 0 | E36: 0 | F36: =IF(A36="","",C36+D36-E36) -> 6 | H36: =IF(A36="","",IF(F36<=G36,"REORDER","OK")) -> OK
A37: DON JULIO BLANCO | B37: TEQUILA | C37: 2 | D37: 0 | E37: 0 | F37: =IF(A37="","",C37+D37-E37) -> 2 | H37: =IF(A37="","",IF(F37<=G37,"REORDER","OK")) -> OK
A38: DON JULIO REPO | B38: TEQUILA | C38: 5 | D38: 0 | E38: 1 | F38: =IF(A38="","",C38+D38-E38) -> 4 | H38: =IF(A38="","",IF(F38<=G38,"REORDER","OK")) -> OK
A39: ESPOLON | B39: TEQUILA | C39: 7 | D39: 0 | E39: 0 | F39: =IF(A39="","",C39+D39-E39) -> 7 | H39: =IF(A39="","",IF(F39<=G39,"REORDER","OK")) -> OK
A40: ESPOLON REPO | B40: TEQUILA | C40: 4 | D40: 0 | E40: 0 | F40: =IF(A40="","",C40+D40-E40) -> 4 | H40: =IF(A40="","",IF(F40<=G40,"REORDER","OK")) -> OK
A41: PATRON SLIVER | B41: TEQUILA | C41: 3 | D41: 0 | E41: 0 | F41: =IF(A41="","",C41+D41-E41) -> 3 | H41: =IF(A41="","",IF(F41<=G41,"REORDER","OK")) -> OK
A42: PATRON REPO | B42: TEQUILA | C42: 6 | D42: 0 | E42: 0 | F42: =IF(A42="","",C42+D42-E42) -> 6 | H42: =IF(A42="","",IF(F42<=G42,"REORDER","OK")) -> OK
A43: WELL TEQUILA | B43: TEQUILA | C43: 11 | D43: 0 | E43: 0 | F43: =IF(A43="","",C43+D43-E43) -> 11 | H43: =IF(A43="","",IF(F43<=G43,"REORDER","OK")) -> OK
A44: WELL GIN | B44: GIN | C44: 6 | D44: 0 | E44: 0 | F44: =IF(A44="","",C44+D44-E44) -> 6 | H44: =IF(A44="","",IF(F44<=G44,"REORDER","OK")) -> OK
A45: BOMBAY SAPPHIRE | B45: GIN | C45: 4 | D45: 0 | E45: 0 | F45: =IF(A45="","",C45+D45-E45) -> 4 | H45: =IF(A45="","",IF(F45<=G45,"REORDER","OK")) -> OK
A46: TANQERY | B46: GIN | C46: 2 | D46: 0 | E46: 0 | F46: =IF(A46="","",C46+D46-E46) -> 2 | H46: =IF(A46="","",IF(F46<=G46,"REORDER","OK")) -> OK
A47: HENDRIX | B47: GIN | C47: 1 | D47: 0 | E47: 0 | F47: =IF(A47="","",C47+D47-E47) -> 1 | H47: =IF(A47="","",IF(F47<=G47,"REORDER","OK")) -> OK
... A51: RUMCHATA | B51: RUM | C51: 3 | D51: 0 | E51: 0 | F51: =IF(A51="","",C51+D51-E51) -> 3 | H51: =IF(A51="","",IF(F51<=G51,"REORDER","OK")) -> OK
A52: WELL RUM COCONUT | B52: RUM | D52: 0 | E52: 0 | F52: =IF(A52="","",C52+D52-E52) -> 0 | H52: =IF(A52="","",IF(F52<=G52,"REORDER","OK")) -> REORDER
A53: WELL RUM SILVER | B53: RUM | C53: 12 | D53: 0 | E53: 0 | F53: =IF(A53="","",C53+D53-E53) -> 12 | H53: =IF(A53="","",IF(F53<=G53,"REORDER","OK")) -> OK
A54: D'USSE | B54: OTHER | C54: 3 | D54: 0 | E54: 1 | F54: =IF(A54="","",C54+D54-E54) -> 2 | H54: =IF(A54="","",IF(F54<=G54,"REORDER","OK")) -> OK
A55: FIREBALL | B55: OTHER | C55: 13 | D55: 0 | E55: 0 | F55: =IF(A55="","",C55+D55-E55) -> 13 | H55: =IF(A55="","",IF(F55<=G55,"REORDER","OK")) -> OK | Q55: 1
A56: GRAND MARNIER | B56: OTHER | C56: 2 | D56: 0 | E56: 0 | F56: =IF(A56="","",C56+D56-E56) -> 2 | H56: =IF(A56="","",IF(F56<=G56,"REORDER","OK")) -> OK
A57: HENNESSY | B57: OTHER | C57: 9 | D57: 0 | E57: 0 | F57: =IF(A57="","",C57+D57-E57) -> 9 | H57: =IF(A57="","",IF(F57<=G57,"REORDER","OK")) -> OK
A58: JAEGERMEISTER | B58: OTHER | C58: 5 | D58: 0 | E58: 0 | F58: =IF(A58="","",C58+D58-E58) -> 5 | H58: =IF(A58="","",IF(F58<=G58,"REORDER","OK")) -> OK
A59: RUMPLE | B59: OTHER | C59: 10 | D59: 0 | E59: 0 | F59: =IF(A59="","",C59+D59-E59) -> 10 | H59: =IF(A59="","",IF(F59<=G59,"REORDER","OK")) -> OK
A60: SKREWBALL | B60: OTHER | C60: 2 | D60: 0 | E60: 0 | F60: =IF(A60="","",C60+D60-E60) -> 2 | H60: =IF(A60="","",IF(F60<=G60,"REORDER","OK")) -> OK
A61: Bud light | B61: BEER | D61: 0 | E61: 0 | F61: =IF(A61="","",C61+D61-E61) -> 0 | H61: =IF(A61="","",IF(F61<=G61,"REORDER","OK")) -> REORDER
A62: Budweiser | B62: BEER | C62: 48 | D62: 0 | E62: 0 | F62: =IF(A62="","",C62+D62-E62) -> 48 | H62: =IF(A62="","",IF(F62<=G62,"REORDER","OK")) -> OK
A63: Coors | B63: BEER | D63: 0 | E63: 0 | F63: =IF(A63="","",C63+D63-E63) -> 0 | H63: =IF(A63="","",IF(F63<=G63,"REORDER","OK")) -> REORDER
A64: Coors Banquet | B64: BEER | C64: 48 | D64: 0 | E64: 0 | F64: =IF(A64="","",C64+D64-E64) -> 48 | H64: =IF(A64="","",IF(F64<=G64,"REORDER","OK")) -> OK
A65: Corona | B65: BEER | C65: 192 | D65: 0 | E65: 0 | F65: =IF(A65="","",C65+D65-E65) -> 192 | H65: =IF(A65="","",IF(F65<=G65,"REORDER","OK")) -> OK
A66: Dos XX | B66: BEER | C66: 96 | D66: 0 | E66: 0 | F66: =IF(A66="","",C66+D66-E66) -> 96 | H66: =IF(A66="","",IF(F66<=G66,"REORDER","OK")) -> OK
A67: Heineken | B67: BEER | C67: 24 | D67: 0 | E67: 0 | F67: =IF(A67="","",C67+D67-E67) -> 24 | H67: =IF(A67="","",IF(F67<=G67,"REORDER","OK")) -> OK
A68: High noon | B68: BEER | D68: 0 | E68: 0 | F68: =IF(A68="","",C68+D68-E68) -> 0 | H68: =IF(A68="","",IF(F68<=G68,"REORDER","OK")) -> REORDER
A69: Miller | B69: BEER | D69: 0 | E69: 0 | F69: =IF(A69="","",C69+D69-E69) -> 0 | H69: =IF(A69="","",IF(F69<=G69,"REORDER","OK")) -> REORDER
A70: Modelo | B70: BEER | C70: 96 | D70: 0 | E70: 72 | F70: =IF(A70="","",C70+D70-E70) -> 24 | H70: =IF(A70="","",IF(F70<=G70,"REORDER","OK")) -> OK
A71: Nutrl | B71: BEER | D71: 0 | E71: 0 | F71: =IF(A71="","",C71+D71-E71) -> 0 | H71: =IF(A71="","",IF(F71<=G71,"REORDER","OK")) -> REORDER
A72: Shiner | B72: BEER | C72: 24 | D72: 0 | E72: 0 | F72: =IF(A72="","",C72+D72-E72) -> 24 | H72: =IF(A72="","",IF(F72<=G72,"REORDER","OK")) -> OK
A73: Twisted Tea | B73: BEER | D73: 0 | E73: 0 | F73: =IF(A73="","",C73+D73-E73) -> 0 | H73: =IF(A73="","",IF(F73<=G73,"REORDER","OK")) -> REORDER
A74: Ultra | B74: BEER | C74: 96 | D74: 0 | E74: 0 | F74: =IF(A74="","",C74+D74-E74) -> 96 | H74: =IF(A74="","",IF(F74<=G74,"REORDER","OK")) -> OK
A75: Ultra 00 | B75: BEER | D75: 0 | E75: 0 | F75: =IF(A75="","",C75+D75-E75) -> 0 | H75: =IF(A75="","",IF(F75<=G75,"REORDER","OK")) -> REORDER
A76: White Claw | B76: BEER | D76: 0 | E76: 0 | H76: =IF(A76="","",IF(F76<=G76,"REORDER","OK")) -> REORDER
A77: KAHLUA | B77: OTHER | C77: 4 | D77: 0 | E77: 0 | F77: =IF(A77="","",C77+D77-E77) -> 4 | H77: =IF(A77="","",IF(F77<=G77,"REORDER","OK")) -> OK
A78: BARTON'S LONG ISLAND | B78: OTHER | C78: 6 | D78: 0 | E78: 0 | F78: =IF(A78="","",C78+D78-E78) -> 6 | H78: =IF(A78="","",IF(F78<=G78,"REORDER","OK")) -> OK
A79: BAILEYS | B79: OTHER | C79: 3 | D79: 0 | E79: 0 | F79: =IF(A79="","",C79+D79-E79) -> 3 | H79: =IF(A79="","",IF(F79<=G79,"REORDER","OK")) -> OK
A80: HYPNOTIQ | B80: OTHER | C80: 3 | D80: 0 | E80: 0 | F80: =IF(A80="","",C80+D80-E80) -> 3 | H80: =IF(A80="","",IF(F80<=G80,"REORDER","OK")) -> OK
A81: ESPRESSO | B81: VODKA | C81: 7 | D81: 0 | E81: 0 | F81: =IF(A81="","",C81+D81-E81) -> 7 | H81: =IF(A81="","",IF(F81<=G81,"REORDER","OK")) -> OK
A82: CHAMBORD | B82: OTHER | C82: 5 | D82: 0 | E82: 0 | F82: =IF(A82="","",C82+D82-E82) -> 5 | H82: =IF(A82="","",IF(F82<=G82,"REORDER","OK")) -> OK
A83: TUACA | B83: OTHER | C83: 2 | D83: 0 | E83: 0 | F83: =IF(A83="","",C83+D83-E83) -> 2 | H83: =IF(A83="","",IF(F83<=G83,"REORDER","OK")) -> OK
A84: TRIPLE SEC | B84: OTHER | C84: 7 | D84: 0 | E84: 0 | F84: =IF(A84="","",C84+D84-E84) -> 7 | H84: =IF(A84="","",IF(F84<=G84,"REORDER","OK")) -> OK
A85: CALYPSO COCONUT | B85: RUM | C85: 4 | D85: 0 | E85: 0 | F85: =IF(A85="","",C85+D85-E85) -> 4 | H85: =IF(A85="","",IF(F85<=G85,"REORDER","OK")) -> OK
A86: SOUR APPLE SHNAPPS | B86: OTHER | C86: 6 | D86: 0 | E86: 0 | F86: =IF(A86="","",C86+D86-E86) -> 6 | H86: =IF(A86="","",IF(F86<=G86,"REORDER","OK")) -> OK
A87: BLUE CARACAO | B87: OTHER | C87: 8 | D87: 0 | E87: 0 | F87: =IF(A87="","",C87+D87-E87) -> 8 | H87: =IF(A87="","",IF(F87<=G87,"REORDER","OK")) -> OK
A88: CRÈME DE BANANA | B88: OTHER | C88: 1 | D88: 0 | E88: 0 | F88: =IF(A88="","",C88+D88-E88) -> 1 | H88: =IF(A88="","",IF(F88<=G88,"REORDER","OK")) -> OK
... A122: Cranberry Juice | B122: MIXER | C122: 0 | D122: 0 | E122: 0 | F122: =IF(A122="","",C122+D122-E122) -> 0 | H122: =IF(A122="","",IF(F122<=G122,"REORDER","OK")) -> REORDER
D123: 0 | E123: 0 | F123: =IF(A123="","",C123+D123-E123) | H123: =IF(A123="","",IF(F123<=G123,"REORDER","OK"))
D124: 0 | E124: 0 | F124: =IF(A124="","",C124+D124-E124) | H124: =IF(A124="","",IF(F124<=G124,"REORDER","OK"))
D125: 0 | E125: 0 | F125: =IF(A125="","",C125+D125-E125) | H125: =IF(A125="","",IF(F125<=G125,"REORDER","OK"))
D126: 0 | E126: 0 | F126: =IF(A126="","",C126+D126-E126) | H126: =IF(A126="","",IF(F126<=G126,"REORDER","OK"))
D127: 0 | E127: 0 | F127: =IF(A127="","",C127+D127-E127) | H127: =IF(A127="","",IF(F127<=G127,"REORDER","OK"))
D128: 0 | E128: 0 | F128: =IF(A128="","",C128+D128-E128) | H128: =IF(A128="","",IF(F128<=G128,"REORDER","OK"))
D129: 0 | E129: 0 | F129: =IF(A129="","",C129+D129-E129) | H129: =IF(A129="","",IF(F129<=G129,"REORDER","OK"))
D130: 0 | E130: 0 | F130: =IF(A130="","",C130+D130-E130) | H130: =IF(A130="","",IF(F130<=G130,"REORDER","OK"))
H131: =IF(A131="","",IF(F131<=G131,"REORDER","OK"))
H132: =IF(A132="","",IF(F132<=G132,"REORDER","OK"))
H133: =IF(A133="","",IF(F133<=G133,"REORDER","OK"))
H134: =IF(A134="","",IF(F134<=G134,"REORDER","OK"))
H135: =IF(A135="","",IF(F135<=G135,"REORDER","OK"))
H136: =IF(A136="","",IF(F136<=G136,"REORDER","OK"))
H137: =IF(A137="","",IF(F137<=G137,"REORDER","OK"))
...

Sheet Dashboard
A1: 10X BAR INVENTORY DASHBOARD
A3: Summary | B3: Value | E3: HOW TO USE 1. Enter opening stock in Inventory. 2. Record every purchase in Stock In. 3. Record every sale/use in Stock Out. 4. Current stock and reorder status update automatically.
A4: Total Product Lines | B4: =COUNTIF(Inventory!A4:A150,"<>") -> 119
A5: Total Bottles in Stock | B5: =SUM(Inventory!F4:F150) -> 1050
A6: Items to Reorder | B6: =COUNTIF(Inventory!H4:H150,"REORDER") -> 13
A9: Low Stock Item | B9: Current Stock | C9: Reorder Level
A10: {=_xlfn._xlws.FILTER(Inventory!A4:A150,Inventory!H4:H150="REORDER","No low stock items")} -> McAllen 12 Yr | B10: {=_xlfn._xlws.FILTER(Inventory!F4:F150,Inventory!H4:H150="REORDER","")} -> 0 | C10: {=_xlfn._xlws.FILTER(Inventory!G4:G150,Inventory!H4:H150="REORDER","")} -> 0
A11: WELL RUM COCONUT | B11: 0 | C11: 0
A12: Bud light | B12: 0 | C12: 0
A13: Coors | B13: 0 | C13: 0
A14: High noon | B14: 0 | C14: 0
A15: Miller | B15: 0 | C15: 0
A16: Nutrl | B16: 0 | C16: 0
A17: Twisted Tea | B17: 0 | C17: 0
A18: Ultra 00 | B18: 0 | C18: 0
A19: White Claw | B19: 0 | C19: 0
A20: SWEET N SOUR | B20: 0 | C20: 0
A21: Pineapple Juice | B21: 0 | C21: 0
A22: Cranberry Juice | B22: 0 | C22: 0

Sheet Stock In
A1: STOCK IN / PURCHASE ENTRY
A3: Date | B3: Invoice # | C3: Item | D3: Quantity | E3: Supplier | F3: Entered By

Sheet Stock Out
A1: STOCK OUT / USAGE ENTRY
A3: Date | B3: Reference # | C3: Item | D3: Quantity | E3: Reason | F3: Entered By

Sheet Patio Bar
A1: 10X FRONT BAR STOCK
A3: Particular | B3: Category | C3: Opening Stock | D3: Opening Date | E3: Stock IN | F3: Stock OUT | G3: Current Stock | H3: Reorder Level | I3: Remarks
A4: CALYPSO SILVER | B4: RUM | C4: 1.87 | D4: 46246 | E4: 0 | F4: 0 | G4: 1.87 | H4: 1 | I4: OK
A5: PEACH SHNAPPS | B5: OTHER | C5: 1.67 | D5: 46246 | E5: 0 | F5: 0 | G5: 1.67 | H5: 1 | I5: OK
A6: Boston butter scotch | B6: OTHER | C6: 1 | D6: 46246 | E6: 0 | F6: 0 | G6: 1 | H6: 1 | I6: REORDER
A7: TAAKA | B7: VODKA | C7: 2.95 | D7: 46246 | E7: 0 | F7: 0 | G7: 2.95 | H7: 1 | I7: OK
A8: del viejo silver tequilla | B8: TEQUILA | C8: 3 | D8: 46246 | E8: 0 | F8: 0 | G8: 3 | H8: 1 | I8: OK
A9: CASAMIGOS | B9: TEQUILA | C9: 2.8 | D9: 46246 | E9: 0 | F9: 0 | G9: 2.8 | H9: 1 | I9: OK
A10: TRIPLE SEC | B10: OTHER | C10: 1.75 | D10: 46246 | E10: 0 | F10: 0 | G10: 1.75 | H10: 1 | I10: OK
A11: WATERMELON SHNAPPS | B11: OTHER | C11: 1.3 | D11: 46246 | E11: 0 | F11: 0 | G11: 1.3 | H11: 1 | I11: OK
A12: DEEP EDDY LEMON | B12: VODKA | C12: 1 | D12: 46246 | E12: 0 | F12: 0 | G12: 1 | H12: 1 | I12: REORDER
A13: BARTON NATURALS | B13: VODKA | C13: 2 | D13: 46246 | E13: 0 | F13: 0 | G13: 2 | H13: 1 | I13: OK
A14: KENTUCKY GENTLEMAN | B14: WHISKEY | C14: 1.67 | D14: 46246 | E14: 0 | F14: 0 | G14: 1.67 | H14: 1 | I14: OK
A15: BARTON'S LONG ISLAND | B15: OTHER | C15: 0.67 | D15: 46246 | E15: 0 | F15: 0 | G15: 0.67 | H15: 1 | I15: REORDER
... A45: MALIBU | B45: RUM | C45: 0.25 | D45: 46246 | E45: 0 | F45: 0 | G45: 0.25 | H45: 1 | I45: REORDER

Sheet Back Bar
A1: 10X BACK BAR STOCK
A3: Particular | B3: Category | C3: Opening Stock | D3: Opening Date | E3: Stock IN | F3: Stock OUT | G3: Current Stock | H3: Reorder Level
A4: CALYPSO SILVER | B4: RUM | C4: 2.25 | D4: 46246 | E4: 0 | F4: 0 | G4: 2.25 | H4: 1
A5: KENTUCKY GENTLEMAN | B5: WHISKEY | C5: 2.75 | D5: 46246 | E5: 0 | F5: 0 | G5: 2.75 | H5: 1
A6: WATERMELON SHNAPPS | B6: OTHER | C6: 0.2 | D6: 46246 | E6: 0 | F6: 0 | G6: 0.2 | H6: 1
A7: PEACH SHNAPPS | B7: OTHER | C7: 1.75 | D7: 46246 | E7: 0 | F7: 0 | G7: 1.75 | H7: 1
A8: TRIPLE SEC | B8: OTHER | C8: 0.33 | D8: 46246 | E8: 0 | F8: 0 | G8: 0.33 | H8: 1
A9: DEWARS | B9: WHISKEY | C9: 1 | D9: 46246 | E9: 0 | F9: 0 | G9: 1 | H9: 1
A10: SCREWBALL | B10: OTHER | C10: 0.67 | D10: 46246 | E10: 0 | F10: 0 | G10: 0.67 | H10: 1
A11: CROWN ROYAL VANILLA | B11: WHISKEY | C11: 0.5 | D11: 46246 | E11: 0 | F11: 0 | G11: 0.5 | H11: 1
A12: CROWN ROYAL PEACH | B12: WHISKEY | C12: 1.8 | D12: 46246 | E12: 0 | F12: 0 | G12: 1.8 | H12: 1
A13: JAMESON ORANGE | B13: WHISKEY | C13: 0.25 | D13: 46246 | E13: 0 | F13: 0 | G13: 0.25 | H13: 1
A14: CAPTAIN MORGAN SPICED | B14: RUM | C14: 0.67 | D14: 46246 | E14: 0 | F14: 0 | G14: 0.67 | H14: 1
A15: WOODFORD RESERVE | B15: WHISKEY | C15: 1 | D15: 46246 | E15: 0 | F15: 0 | G15: 1 | H15: 1
... A47: MALIBU | B47: RUM | C47: 0.25 | D47: 46246 | E47: 0 | F47: 0 | G47: 0.25 | H47: 1

Sheet Lists
A1: Item | B1: Category
A2: WELL WHISKEY | B2: WHISKEY
A3: JACK DANIELS | B3: WHISKEY
A4: MAKERS MARK | B4: WHISKEY
A5: WOODFORD RESERVE | B5: WHISKEY
A6: BUFFALO TRACE | B6: WHISKEY
A7: CROWN ROYAL | B7: WHISKEY
A8: CROWN ROYAL APPLE | B8: WHISKEY
A9: CROWN ROYAL VANILLA | B9: WHISKEY
A10: CROWN ROYAL PEACH | B10: WHISKEY
A11: JAMESON | B11: WHISKEY
A12: JAMESON ORANGE | B12: WHISKEY
... A14: BUCANA | B14: WHISKEY
